{"cameraMode":{"drawMode":0,"name":"Shaded","section":"Shading Mode"},"sceneLighting":false,"audioPlay":false,"sceneViewState":{"m_AlwaysRefresh":false,"showFog":false,"showSkybox":false,"showFlares":false,"showImageEffects":false,"showParticleSystems":false,"showVisualEffectGraphs":true,"m_FxEnabled":true},"in2DMode":false,"pivot":{"x":-0.21432620286941529,"y":0.5394923686981201,"z":0.155278742313385},"rotation":{"x":-0.015001929365098477,"y":0.9539631009101868,"z":-0.048757366836071017,"w":-0.29565665125846865},"size":1.2055400609970093,"orthographic":false}