{"cameraMode":{"drawMode":0,"name":"Shaded","section":"Shading Mode"},"sceneLighting":false,"audioPlay":false,"sceneViewState":{"m_AlwaysRefresh":false,"showFog":true,"showSkybox":false,"showFlares":true,"showImageEffects":true,"showParticleSystems":true,"showVisualEffectGraphs":true,"m_FxEnabled":true},"in2DMode":false,"pivot":{"x":-0.030501902103424073,"y":0.5394923686981201,"z":0.045774251222610477},"rotation":{"x":0.03791167587041855,"y":0.460527628660202,"z":-0.020044032484292985,"w":0.8865163922309876},"size":1.3670319318771363,"orthographic":false}