{"cameraMode":{"drawMode":0,"name":"Shaded","section":"Shading Mode"},"sceneLighting":false,"audioPlay":false,"sceneViewState":{"m_AlwaysRefresh":false,"showFog":false,"showSkybox":false,"showFlares":false,"showImageEffects":false,"showParticleSystems":false,"showVisualEffectGraphs":true,"m_FxEnabled":true},"in2DMode":false,"pivot":{"x":0.0430852472782135,"y":0.6410025954246521,"z":0.1535423845052719},"rotation":{"x":0.0006403084844350815,"y":-0.9937031865119934,"z":0.11198047548532486,"w":0.00566105917096138},"size":1.5683367252349854,"orthographic":false}