{"cameraMode":{"drawMode":0,"name":"Shaded","section":"Shading Mode"},"sceneLighting":true,"audioPlay":false,"sceneViewState":{"m_AlwaysRefresh":false,"showFog":true,"showSkybox":false,"showFlares":true,"showImageEffects":true,"showParticleSystems":true,"showVisualEffectGraphs":true,"m_FxEnabled":true},"in2DMode":false,"pivot":{"x":4.390611171722412,"y":25.928810119628908,"z":-28.319623947143556},"rotation":{"x":0.2702634036540985,"y":-0.03960753232240677,"z":0.01097550243139267,"w":0.9619068503379822},"size":1.1194055080413819,"orthographic":false}