{"cameraMode":{"drawMode":0,"name":"Shaded","section":"Shading Mode"},"sceneLighting":true,"audioPlay":false,"sceneViewState":{"m_AlwaysRefresh":false,"showFog":true,"showSkybox":false,"showFlares":true,"showImageEffects":true,"showParticleSystems":true,"showVisualEffectGraphs":true,"m_FxEnabled":true},"in2DMode":false,"pivot":{"x":13.447227478027344,"y":-1.0947540998458863,"z":-22.284931182861329},"rotation":{"x":0.17105327546596528,"y":-0.0006275978521443903,"z":-0.000040011495002545416,"w":0.985262393951416},"size":1.1194055080413819,"orthographic":false}