{"cameraMode":{"drawMode":0,"name":"Shaded","section":"Shading Mode"},"sceneLighting":true,"audioPlay":false,"sceneViewState":{"m_AlwaysRefresh":false,"showFog":true,"showSkybox":false,"showFlares":true,"showImageEffects":true,"showParticleSystems":true,"showVisualEffectGraphs":true,"m_FxEnabled":true},"in2DMode":false,"pivot":{"x":4.183807849884033,"y":-16.886886596679689,"z":11.85542106628418},"rotation":{"x":0.33313313126564028,"y":-0.037689197808504108,"z":0.013156995177268982,"w":0.9420387148857117},"size":24.660009384155275,"orthographic":false}