{"cameraMode":{"drawMode":0,"name":"Shaded","section":"Shading Mode"},"sceneLighting":false,"audioPlay":false,"sceneViewState":{"m_AlwaysRefresh":false,"showFog":true,"showSkybox":false,"showFlares":true,"showImageEffects":true,"showParticleSystems":true,"showVisualEffectGraphs":true,"m_FxEnabled":true},"in2DMode":false,"pivot":{"x":-7.811275482177734,"y":-1.5699999332427979,"z":0.24424895644187928},"rotation":{"x":-0.2415718287229538,"y":0.18074186146259309,"z":-0.04568275809288025,"w":-0.9523135423660278},"size":0.8677710294723511,"orthographic":false}