{"cameraMode":{"drawMode":0,"name":"Shaded","section":"Shading Mode"},"sceneLighting":true,"audioPlay":false,"sceneViewState":{"m_AlwaysRefresh":false,"showFog":true,"showSkybox":true,"showFlares":true,"showImageEffects":true,"showParticleSystems":true,"showVisualEffectGraphs":true,"m_FxEnabled":true},"in2DMode":false,"pivot":{"x":5.2059855461120609,"y":-2.726842164993286,"z":4.4426493644714359},"rotation":{"x":-0.38786056637763979,"y":0.21536308526992799,"z":-0.09338679909706116,"w":-0.8912392854690552},"size":10.438634872436524,"orthographic":false}