{"cameraMode":{"drawMode":0,"name":"Shaded","section":"Shading Mode"},"sceneLighting":true,"audioPlay":false,"sceneViewState":{"m_AlwaysRefresh":false,"showFog":true,"showSkybox":true,"showFlares":true,"showImageEffects":true,"showParticleSystems":true,"showVisualEffectGraphs":true,"m_FxEnabled":true},"in2DMode":false,"pivot":{"x":1002.2476806640625,"y":373.9001770019531,"z":646.1566162109375},"rotation":{"x":0.08061986416578293,"y":-0.015546279959380627,"z":0.0012579169124364853,"w":0.9966233372688294},"size":1046.714599609375,"orthographic":false}