{"cameraMode":{"drawMode":0,"name":"Shaded","section":"Shading Mode"},"sceneLighting":true,"audioPlay":false,"sceneViewState":{"m_AlwaysRefresh":false,"showFog":true,"showSkybox":true,"showFlares":true,"showImageEffects":true,"showParticleSystems":true,"showVisualEffectGraphs":true,"m_FxEnabled":true},"in2DMode":false,"pivot":{"x":9.900083541870118,"y":1.2743018865585328,"z":-7.028234958648682},"rotation":{"x":0.16832201182842256,"y":0.5218143463134766,"z":-0.10623831301927567,"w":0.8294132947921753},"size":2.7742350101470949,"orthographic":false}