{"cameraMode":{"drawMode":0,"name":"Shaded","section":"Shading Mode"},"sceneLighting":true,"audioPlay":false,"sceneViewState":{"m_AlwaysRefresh":false,"showFog":true,"showSkybox":true,"showFlares":true,"showImageEffects":true,"showParticleSystems":true,"showVisualEffectGraphs":true,"m_FxEnabled":true},"in2DMode":false,"pivot":{"x":-1.6281243562698365,"y":5.769680500030518,"z":-5.11201810836792},"rotation":{"x":0.19179177284240724,"y":0.11652260273694992,"z":-0.023101510480046274,"w":0.9742242097854614},"size":1.2841230630874634,"orthographic":false}