{"cameraMode":{"drawMode":0,"name":"Shaded","section":"Shading Mode"},"sceneLighting":true,"audioPlay":false,"sceneViewState":{"m_AlwaysRefresh":false,"showFog":true,"showSkybox":true,"showFlares":true,"showImageEffects":true,"showParticleSystems":true,"showVisualEffectGraphs":true,"m_FxEnabled":true},"in2DMode":false,"pivot":{"x":819.6668090820313,"y":356.8214416503906,"z":364.8397216796875},"rotation":{"x":0.0716543048620224,"y":0.006884380709379911,"z":-0.0004942705272696912,"w":0.9974071979522705},"size":556.8572998046875,"orthographic":false}