{"cameraMode":{"drawMode":0,"name":"Shaded","section":"Shading Mode"},"sceneLighting":true,"audioPlay":false,"sceneViewState":{"m_AlwaysRefresh":false,"showFog":true,"showSkybox":true,"showFlares":true,"showImageEffects":true,"showParticleSystems":true,"showVisualEffectGraphs":true,"m_FxEnabled":true},"in2DMode":false,"pivot":{"x":1.0167884826660157,"y":1.5886389017105103,"z":-1.715904712677002},"rotation":{"x":0.20610253512859345,"y":-0.39749476313591006,"z":0.0921369269490242,"w":0.8894290924072266},"size":0.8660253882408142,"orthographic":false}