{"cameraMode":{"drawMode":0,"name":"Shaded","section":"Shading Mode"},"sceneLighting":true,"audioPlay":false,"sceneViewState":{"m_AlwaysRefresh":false,"showFog":true,"showSkybox":true,"showFlares":true,"showImageEffects":true,"showParticleSystems":true,"showVisualEffectGraphs":true,"m_FxEnabled":true},"in2DMode":false,"pivot":{"x":407.5477294921875,"y":611.3471069335938,"z":-127.67218017578125},"rotation":{"x":0.17694135010242463,"y":-0.018342694267630578,"z":0.0031511385459452869,"w":0.9840734004974365},"size":403.1481628417969,"orthographic":false}