{"cameraMode":{"drawMode":0,"name":"Shaded","section":"Shading Mode"},"sceneLighting":true,"audioPlay":false,"sceneViewState":{"m_AlwaysRefresh":false,"showFog":true,"showSkybox":true,"showFlares":true,"showImageEffects":true,"showParticleSystems":true,"showVisualEffectGraphs":true,"m_FxEnabled":true},"in2DMode":false,"pivot":{"x":778.054931640625,"y":364.93939208984377,"z":-378.5230712890625},"rotation":{"x":0.04769667610526085,"y":-0.012272735126316548,"z":0.0006045616464689374,"w":0.9988137483596802},"size":183.5441131591797,"orthographic":false}